Product Name,Date,Last Modified
Cornerstone Micropique Gripper Polo CS421,2025-10-01,2025-10-01 09:42 +00:00
Port Authority Fast Break Cinch Pack BG613,2025-10-01,2025-10-01 09:42 +00:00
Port Authority Cotton Canvas Sling Bag BG405,2025-10-01,2025-10-01 09:42 +00:00
Port Authority Commuter Brief BG307,2025-10-01,2025-10-01 09:42 +00:00
Jerzees Youth Dri-Power 50/50 Cotton Poly T-Shirt 29B,2025-10-01,2025-10-01 09:42 +00:00
OGIO Orbit Cart Bag 425042,2025-10-01,2025-10-01 09:42 +00:00
Gildan Ladies 100 Ring Spun Cotton T-Shirt 880,2025-10-01,2025-10-01 09:42 +00:00
Jerzees Youth Nublend Pullover Hooded Sweatshirt 996Y,2025-10-01,2025-10-01 09:42 +00:00
Gildan Heavy Blend Full Zip Hooded Sweatshirt 18600,2025-10-01,2025-10-01 09:42 +00:00
Gildan Heavy Blend Hooded Sweatshirt 18500,2025-10-01,2025-10-01 09:42 +00:00
Port Authority Ladies Sweater Fleece Jacket L232,2025-10-01,2025-10-01 09:42 +00:00
OGIO Hybrid Polo OG109,2025-10-01,2025-10-01 09:42 +00:00
Port Authority Silk Touch Polo K500,2025-10-01,2025-10-01 09:42 +00:00
Port Authority Extended Size Silk Touch Polo K500ES,2025-10-01,2025-10-01 09:42 +00:00
Port Authority Ladies Silk Touch Polo L500,2025-10-01,2025-10-01 09:42 +00:00
Port Authority Ladies Performance Fine Jacquard Polo L528,2025-10-01,2025-10-01 09:42 +00:00
Port Authority Performance Fine Jacquard Polo K528,2025-10-01,2025-10-01 09:42 +00:00
Port Authority Ladies Rapid Dry Mesh Polo L573,2025-10-01,2025-10-01 09:42 +00:00
Port Authority Rapid Dry Mesh Polo K573,2025-10-01,2025-10-01 09:42 +00:00
OGIO Ladies Pixel Full Zip LOG203,2025-10-01,2025-10-01 09:42 +00:00
Port Authority Ladies Digi Heather Performance Polo L574,2025-10-01,2025-10-01 09:42 +00:00
Port Authority Digi Heather Performance Polo K574,2025-10-01,2025-10-01 09:42 +00:00
Sport-Tek Sport-Wick Fleece Full Zip Hooded Jacket ST238,2025-10-01,2025-10-01 09:42 +00:00
Sport-Tek Sport-Wick Fleece Hooded Pullover F244,2025-10-01,2025-10-01 09:42 +00:00
Port Company Short Sleeve Value Denim Shirt SP11,2025-10-01,2025-10-01 09:42 +00:00
Port Authority Sweater Fleece Jacket F232,2025-10-01,2025-10-01 09:42 +00:00
Port Company Performance Tee PC380,2025-10-01,2025-10-01 09:42 +00:00
Port Company Ladies Performance Tee LPC380,2025-10-01,2025-10-01 09:42 +00:00
Port Company Beach Wash Garment Dyed Tee PC099,2025-10-01,2025-10-01 09:42 +00:00
Port Company Youth Tie Dye Tee PC147Y,2025-10-01,2025-10-01 09:42 +00:00
Port Company Tie Dye Tee PC147,2025-10-01,2025-10-01 09:42 +00:00
Port Company Tie Dye Pullover Hooded Sweatshirt PC146,2025-10-01,2025-10-01 09:42 +00:00
Port Company Youth Tie Dye Pullover Hooded Sweatshirt PC146Y,2025-10-01,2025-10-01 09:42 +00:00
Sport-Tek Posicharge Racermesh Long Sleeve Tee ST340LS,2025-10-01,2025-10-01 09:42 +00:00
Hanes Ladies Perfect T Cotton T-Shirt SL04,2025-10-01,2025-10-01 09:42 +00:00
Hanes Ladies Perfect T Cotton V-Neck T-Shirt S04V,2025-10-01,2025-10-01 09:42 +00:00
Port Company Beach Wash Garment Dyed Pullover Hooded Sweatshirt PC098H,2025-10-01,2025-10-01 09:42 +00:00
Port Company Ladies Core Cotton Tank Top LPC54TT,2025-10-01,2025-10-01 09:42 +00:00
Hanes Ecosmart Crewneck Sweatshirt P160,2025-10-01,2025-10-01 09:42 +00:00
Sport-Tek Sport-Wick Camohex Fleece Colorblock Hooded Pullover ST239,2025-10-01,2025-10-01 09:42 +00:00
Sport-Tek Sport-Wick Camohex Fleece Hooded Pullover ST240,2025-10-01,2025-10-01 09:42 +00:00
Russell Outdoors Realtree Long Sleeve Explorer 100 Cotton T-Shirt with Pocket S020R,2025-10-01,2025-10-01 09:42 +00:00
Port Company Youth Performance Tee PC380Y,2025-10-01,2025-10-01 09:42 +00:00
Port Authority Value Fleece Jacket F217,2025-10-01,2025-10-01 09:42 +00:00
Port Company Performance Blend Tee PC381,2025-10-01,2025-10-01 09:42 +00:00
Sport-Tek Posicharge Elevate Tee ST380,2025-10-01,2025-10-01 09:42 +00:00
OGIO Onyx Polo OG126,2025-10-01,2025-10-01 09:42 +00:00
Sport-Tek Ladies Micropique Sport-Wick Polo LST650,2025-10-01,2025-10-01 09:42 +00:00
Sport-Tek Ladies Sport-Wick Stretch 1/4 Zip Pullover LST850,2025-10-01,2025-10-01 09:42 +00:00
Port Authority Heavyweight Cotton Pique Polo K420,2025-10-01,2025-10-01 09:42 +00:00
Port Company Ladies Core Fleece Full Zip Hooded Sweatshirt LPC78ZH,2025-10-01,2025-10-01 09:42 +00:00
Sport-Tek Ladies Long Sleeve Posicharge Competitor V-Neck Tee LST353LS,2025-10-01,2025-10-01 09:42 +00:00
OGIO Ladies Torque II Jacket LOG2010,2025-10-01,2025-10-01 09:42 +00:00
OGIO Caliber2.0 Polo OG101,2025-10-01,2025-10-01 09:42 +00:00
OGIO Jewel Polo LOG101,2025-10-01,2025-10-01 09:42 +00:00
Sport-Tek Heather Colorblock Contender Tee ST361,2025-10-01,2025-10-01 09:42 +00:00
Sport-Tek Long Sleeve Heather Colorblock Contender Tee ST361LS,2025-10-01,2025-10-01 09:42 +00:00
Sport-Tek Ladies Sport-Wick Stretch Full Zip Jacket LST852,2025-10-01,2025-10-01 09:42 +00:00
Port Authority Ladies Value Fleece Jacket L217,2025-10-01,2025-10-01 09:42 +00:00
Port Company Ladies Long Sleeve Core Cotton Tee LPC54LS,2025-10-01,2025-10-01 09:42 +00:00
Port Company Ladies Core Cotton V-Neck Tee LPC54V,2025-10-01,2025-10-01 09:42 +00:00
Port Company Long Sleeve Core Cotton Tee PC54LS,2025-10-01,2025-10-01 09:42 +00:00
Port Company Core Cotton V-Neck Tee PC54V,2025-10-01,2025-10-01 09:42 +00:00
Port Company Beach Wash Garment Dyed Long Sleeve Tee PC099LS,2025-10-01,2025-10-01 09:42 +00:00
Sport-Tek Ladies Posicharge Replica Jersey LST307,2025-10-01,2025-10-01 09:42 +00:00
Sport-Tek Long Sleeve Posicharge Competitor Tee ST350LS,2025-10-01,2025-10-01 09:42 +00:00
Port Company Ladies Long Sleeve Fan Favorite V-Neck Tee LPC450VLS,2025-10-01,2025-10-01 09:42 +00:00
Port Company Youth Core Fleece Full Zip Hooded Sweatshirt PC90YZH,2025-10-01,2025-10-01 09:42 +00:00
Port Company Youth Core Fleece Pullover Hooded Sweatshirt PC90YH,2025-10-01,2025-10-01 09:42 +00:00
Port Company Youth Core Fleece Crewneck Sweatshirt PC90Y,2025-10-01,2025-10-01 09:42 +00:00
Port Company Youth Long Sleeve Core Cotton Tee PC54YLS,2025-10-01,2025-10-01 09:42 +00:00
Port Company Youth Core Cotton Tee PC54Y,2025-10-01,2025-10-01 09:42 +00:00
Sport-Tek Camohex Tee ST370,2025-10-01,2025-10-01 09:42 +00:00
Sport-Tek Ladies Posicharge Competitor Tee LST350,2025-10-01,2025-10-01 09:42 +00:00
Sport-Tek Posicharge Competitor Tee ST350,2025-10-01,2025-10-01 09:42 +00:00
Sport-Tek Sport-Wick Mineral Freeze Fleece Hooded Pullover ST230,2025-10-01,2025-10-01 09:42 +00:00
OGIO Metro Polo OG130,2025-10-01,2025-10-01 09:42 +00:00
OGIO Ladies Radius Full Zip LOE551,2025-10-01,2025-10-01 09:42 +00:00
OGIO Radius 1/4 Zip OE550,2025-10-01,2025-10-01 09:42 +00:00
Sport-Tek Ladies Posicharge Competitor 1/4 Zip Pullover LST357,2025-10-01,2025-10-01 09:42 +00:00
Sport-Tek Posicharge Competitor 1/4 Zip Pullover ST357,2025-10-01,2025-10-01 09:42 +00:00
Sport-Tek Long Sleeve Posicharge Competitor Cotton Touch Tee ST450LS,2025-10-01,2025-10-01 09:42 +00:00
Sport-Tek Classic Long Sleeve Rugby Polo ST301,2025-10-01,2025-10-01 09:42 +00:00
Port Company Ladies Fan Favorite Tee LPC450,2025-10-01,2025-10-01 09:42 +00:00
OGIO Ladies Long Sleeve Pulse Crew LOE321,2025-10-01,2025-10-01 09:42 +00:00
OGIO Long Sleeve Pulse Crew OE321,2025-10-01,2025-10-01 09:42 +00:00
OGIO Ladies Racerback Pulse Tank LOE322,2025-10-01,2025-10-01 09:42 +00:00
New Era Heritage Blend Crew Tee NEA100,2025-10-01,2025-10-01 09:42 +00:00
New Era Ladies Heritage Blend Varsity Tee LNEA107,2025-10-01,2025-10-01 09:42 +00:00
New Era Ladies Heritage Blend Hoodie Tank LNEA106,2025-10-01,2025-10-01 09:42 +00:00
New Era Ladies Heritage Blend 3/4 Sleeve Baseball Raglan Tee LNEA104,2025-10-01,2025-10-01 09:42 +00:00
New Era Ladies Heritage Blend V-Neck Tee LNEA101,2025-10-01,2025-10-01 09:42 +00:00
Hanes Ultimate Cotton Crewneck Sweatshirt F260,2025-10-01,2025-10-01 09:42 +00:00
Rabbit Skins Toddler Football Fine Jersey Tee RS3037,2025-10-01,2025-10-01 09:42 +00:00
Rabbit Skins Infant Contrast Trim Terry Bib RS1003,2025-10-01,2025-10-01 09:42 +00:00
Rabbit Skins Infant Premium Jersey Bib RS1005,2025-10-01,2025-10-01 09:42 +00:00
New Era Tri-Blend Fleece Full Zip HoodieNEA511,2025-10-01,2025-10-01 09:42 +00:00
New Era Ladies Tri-Blend Fleece Pullover Hoodie LNEA510,2025-10-01,2025-10-01 09:42 +00:00
New Era Tri-Blend Fleece Pullover Hoodie NEA510,2025-10-01,2025-10-01 09:42 +00:00
New Era Venue Home Plate Polo NEA300,2025-10-01,2025-10-01 09:42 +00:00
New Era Series Performance Crew Tee NEA200,2025-10-01,2025-10-01 09:42 +00:00
New Era Sueded Cotton Blend Full Zip Hoodie NEA122,2025-10-01,2025-10-01 09:42 +00:00
New Era Ladies Sueded Cotton Blend Full Zip Hoodie LNEA122,2025-10-01,2025-10-01 09:42 +00:00
New Era Heritage Blend Varsity Tee NEA107,2025-10-01,2025-10-01 09:42 +00:00
New Era Heritage Blend 3/4 Sleeve Baseball Raglan Tee NEA104,2025-10-01,2025-10-01 09:42 +00:00
New Era Heritage Blend Long Sleeve Crew Tee NEA102,2025-10-01,2025-10-01 09:42 +00:00
The North Face Ladies Sweater Fleece Jacket NF0A3LH8,2025-10-01,2025-10-01 09:42 +00:00
Port Company Essential Tee PC61,2025-10-01,2025-10-01 09:42 +00:00
New Era Ladies French Terry Baseball Full Zip LNEA503,2025-10-01,2025-10-01 09:42 +00:00
New Era French Terry Baseball Full Zip NEA503,2025-10-01,2025-10-01 09:42 +00:00
New Era French Terry Full Zip Hoodie NEA502,2025-10-01,2025-10-01 09:42 +00:00
New Era Ladies French Terry Pullover Hoodie LNEA500,2025-10-01,2025-10-01 09:42 +00:00
New Era French Terry Crew NEA501,2025-10-01,2025-10-01 09:42 +00:00
New Era French Terry Pullover Hoodie NEA500,2025-10-01,2025-10-01 09:42 +00:00
New Era Series Performance Long Sleeve Crew Tee NEA201,2025-10-01,2025-10-01 09:42 +00:00
New Era Tri-Blend Fleece 1/4 Zip Pullover NEA512,2025-10-01,2025-10-01 09:42 +00:00
Port CompanyPerformance Fleece 1/4 Zip Pullover Sweatshirt PC590Q,2025-10-01,2025-10-01 09:42 +00:00
Port CompanyPerformance Fleece Crewneck Sweatshirt PC590,2025-10-01,2025-10-01 09:42 +00:00
Sport-Tek Ladies Posicharge Racermesh Polo LST640,2025-10-01,2025-10-01 09:42 +00:00
Sport-Tek Posicharge Racermesh Tee ST340,2025-10-01,2025-10-01 09:42 +00:00
Sport-Tek Ladies Posicharge Racermesh V-Neck Tee LST340,2025-10-01,2025-10-01 09:42 +00:00
Sport-Tek Ladies Posicharge Racermesh Raglan Heather Block Polo LST641,2025-10-01,2025-10-01 09:42 +00:00
Port Company Long Sleeve Performance Tee PC380LS,2025-10-01,2025-10-01 09:42 +00:00
Port Company Youth Beach Wash Garment Dyed Tee PC099Y,2025-10-01,2025-10-01 09:42 +00:00
OGIO Gravitate Polo OG140,2025-10-01,2025-10-01 09:42 +00:00
New Era Ladies Tri-Blend Performance Cinch Tee LNEA133,2025-10-01,2025-10-01 09:42 +00:00
Nike Dri-Fit Hex Textured Polo NKAH6266,2025-10-01,2025-10-01 09:42 +00:00
The North Face Apex Duffel NF0A3KXX,2025-10-01,2025-10-01 09:42 +00:00
Port Authority Ladies Heavyweight Cotton Pique Polo L420,2025-10-01,2025-10-01 09:42 +00:00
OGIO Ladies Trax Jacket LOG726,2025-10-01,2025-10-01 09:42 +00:00
New Era Venue Fleece Pullover Hoodie NEA520,2025-10-01,2025-10-01 09:42 +00:00
New Era Venue Fleece 1/4 Zip Pullover NEA523,2025-10-01,2025-10-01 09:42 +00:00
Port Authority Dry Zone UV Micro Mesh Pocket Polo K110P,2025-10-01,2025-10-01 09:42 +00:00
Port Authority Dry Zone UV Micro Mesh Polo K110,2025-10-01,2025-10-01 09:42 +00:00
Port CompanyYouth Performance Fleece Pullover Hooded Sweatshirt PC590YH,2025-10-01,2025-10-01 09:42 +00:00
Sport-Tek Posicharge Sport-Wick Heather Fleece Hooded Pullover ST264,2025-10-01,2025-10-01 09:42 +00:00
Sport-Tek Posicharge Sport-Wick Heather Fleece 1/4 Zip Pullover ST263,2025-10-01,2025-10-01 09:42 +00:00
Sport-Tek Ladies Posicharge Sport-Wick Heather Fleece Hooded Pullover LST264,2025-10-01,2025-10-01 09:42 +00:00
Port Authority Ladies Concept Long Pocket Cardigan LK5434,2025-10-01,2025-10-01 09:42 +00:00
Port Authority Ladies Poly Oxford Pique Polo LK582,2025-10-01,2025-10-01 09:42 +00:00
Sport-Tek Posicharge Tri-Blend Wicking Fleece Hooded Pullover ST296,2025-10-01,2025-10-01 09:42 +00:00
Sport-Tek Ladies Posicharge Tri-Blend Wicking Fleece Hooded Pullover LST296,2025-10-01,2025-10-01 09:42 +00:00
OGIO Limit 1/4 Zip OG139,2025-10-01,2025-10-01 09:42 +00:00
OGIO Ladies Limit Polo LOG138,2025-10-01,2025-10-01 09:42 +00:00
OGIO Limit Polo OG138,2025-10-01,2025-10-01 09:42 +00:00
Port Authority EZPerformance Pique Polo K600,2025-10-01,2025-10-01 09:42 +00:00
Rabbit Skins Infant Vintage Fine Jersey Bodysuit RS4424,2025-10-01,2025-10-01 09:42 +00:00
Rabbit Skins Toddler Fine Jersey Tee RS3321,2025-10-01,2025-10-01 09:42 +00:00
OGIO Ladies Luuma Cocoon Fleece LOG811,2025-10-01,2025-10-01 09:42 +00:00
OGIO Ladies Luuma Pullover Fleece Hoodie LOG810,2025-10-01,2025-10-01 09:42 +00:00
Sport-Tek Posicharge Tri-Blend Wicking Polo ST405,2025-10-01,2025-10-01 09:42 +00:00
Sport-Tek Ladies Posicharge Tri-Blend Wicking Polo LST405,2025-10-01,2025-10-01 09:42 +00:00
Sport-Tek Posicharge Tri-Blend Wicking 1/4 Zip Pullover ST407,2025-10-01,2025-10-01 09:42 +00:00
Sport-Tek Ladies Posicharge Tri-Blend Wicking 1/4 Zip Pullover LST407,2025-10-01,2025-10-01 09:42 +00:00
Port Company Core Blend Tee PC55,2025-10-04,2025-10-04 09:16 +00:00
Port Authority Ladies Concept Long Pocket Cardigan LK5434 Copy,2025-10-06,2025-10-06 17:08 +00:00
Port Company Core Blend Tee PC55 Copy 22,2025-10-06,2025-10-06 17:49 +00:00
Port Company Youth Core Blend Tee PC55Y Copy,2025-10-06,2025-10-06 17:50 +00:00
Port Company Essential Fleece Crewneck Sweatshirt PC90 Copy 5,2025-10-06,2025-10-06 18:33 +00:00
Port Company Essential Fleece Full Zip Hooded Sweatshirt PC90ZH Copy 5,2025-10-06,2025-10-06 18:36 +00:00
Port Company Youth Core Fleece Full Zip Hooded Sweatshirt PC90YZH Copy,2025-10-06,2025-10-06 18:39 +00:00
Port Authority Womens Wearever Performance Pique Polo LK240,2025-10-07,2025-10-07 06:34 +00:00
Port Authority Womens Wearever Signature Pique Long Sleeve Polo LK200LS,2025-10-07,2025-10-07 06:55 +00:00
Port Authority Womens C-Free Raglan Fleece L700,2025-10-07,2025-10-07 07:10 +00:00
Port Authority Wearever Performance Pique Polo K240,2025-10-07,2025-10-07 07:37 +00:00
Port Authority Womens C-Free Raglan Fleece L700 Copy,2025-10-07,2025-10-07 11:45 +00:00
Nike Dri-Fit Corporate 1/2 Zip NKFD9892 Copy,2025-10-07,2025-10-07 11:49 +00:00
Port Authority Watch Cap C908 Copy,2025-10-08,2025-10-08 12:46 +00:00
Port Authority Cozy Cuffed Beanie C977,2025-10-09,2025-10-09 04:53 +00:00
Port Authority Cozy Cuffed Beanie C977 Copy,2025-10-09,2025-10-09 11:50 +00:00
District Perfect TriTee DM130 Copy 3,2025-10-09,2025-10-09 17:22 +00:00
District Perfect TriTee DM130 Copy 4,2025-10-09,2025-10-09 17:31 +00:00
Port Authority Youth Snapback Trucker Cap YC112 Copy 2,2025-10-09,2025-10-09 18:14 +00:00
New Era Tech Mesh Cap NE1090 Copy 2,2025-10-09,2025-10-09 18:26 +00:00
District Re Beanie DT815 Copy 2,2025-10-09,2025-10-09 18:28 +00:00
New Era Stretch Mesh Cap NE1020 Copy 2,2025-10-09,2025-10-09 18:33 +00:00
Port Company Toddler Fan Favorite Tee PC450TD Copy,2025-10-09,2025-10-09 18:37 +00:00
Port Company Toddler Fan Favorite Tee PC450TD Copy 2,2025-10-09,2025-10-09 18:38 +00:00
Nike Dri-Fit Classic Polo 267020 Copy,2025-10-09,2025-10-09 18:40 +00:00
Gildan Softstyle Long Sleeve T-Shirt 64400 Copy 5,2025-10-09,2025-10-09 18:41 +00:00
Gildan Softstyle Long Sleeve T-Shirt 64400 Copy 6,2025-10-09,2025-10-09 18:42 +00:00
Gildan Softstyle Long Sleeve T-Shirt 64400 Copy 7,2025-10-09,2025-10-09 18:44 +00:00
Gildan Softstyle Long Sleeve T-Shirt 64400 Copy 8,2025-10-09,2025-10-09 18:47 +00:00
Gildan Youth Heavy Blend Hooded Sweatshirt 18500B Copy,2025-10-09,2025-10-09 18:49 +00:00
Gildan Youth Heavy Blend Hooded Sweatshirt 18500B Copy 2,2025-10-09,2025-10-09 18:51 +00:00
Gildan Youth Heavy Blend Hooded Sweatshirt 18500B Copy 3,2025-10-09,2025-10-09 18:53 +00:00
Port Company Tall Long Sleeve Essential Tee PC61LST Copy,2025-10-09,2025-10-09 18:58 +00:00
Port Company Tall Long Sleeve Essential Tee PC61LST Copy 2,2025-10-09,2025-10-09 18:59 +00:00
Gildan Youth Softstyle T-Shirt 64000B Copy,2025-10-09,2025-10-09 19:03 +00:00
Gildan Youth Softstyle T-Shirt 64000B Copy 2,2025-10-09,2025-10-09 19:04 +00:00
Gildan Youth Softstyle T-Shirt 64000B Copy 3,2025-10-09,2025-10-09 19:05 +00:00
Port Company Tall Long Sleeve Essential Tee PC61LST Copy 3,2025-10-09,2025-10-09 19:09 +00:00
Carhartt Rain Defender Paxton Heavyweight Hooded Sweatshirt CT100615 Copy 3,2025-10-09,2025-10-09 19:13 +00:00
Carhartt Rain Defender Paxton Heavyweight Hooded Sweatshirt CT100615 Copy 4,2025-10-09,2025-10-09 19:14 +00:00
CTK288 Carhartt Midweight Hooded Logo Sweatshirt Copy 3,2025-10-09,2025-10-09 19:16 +00:00
CTK288 Carhartt Midweight Hooded Logo Sweatshirt Copy 4,2025-10-09,2025-10-09 19:18 +00:00
CTK288 Carhartt Midweight Hooded Logo Sweatshirt Copy 5,2025-10-09,2025-10-09 19:19 +00:00
CTK288 Carhartt Midweight Hooded Logo Sweatshirt Copy 6,2025-10-09,2025-10-09 19:20 +00:00
Sport-Tek Lace Up Pullover Hooded Sweatshirt ST271 Copy,2025-10-09,2025-10-09 19:21 +00:00
Sport-Tek Lace Up Pullover Hooded Sweatshirt ST271 Copy 2,2025-10-09,2025-10-09 19:23 +00:00
Carhartt Tall Midweight Hooded Sweatshirt CTTK121 Copy 3,2025-10-09,2025-10-09 19:24 +00:00
Carhartt Tall Midweight Hooded Sweatshirt CTTK121 Copy 4,2025-10-09,2025-10-09 19:25 +00:00
District Perfect TriTee DM130,2025-10-10,2025-10-10 05:07 +00:00
Sport-Tek Tall Pullover Hooded Sweatshirt TST254 Copy,2025-10-10,2025-10-10 13:20 +00:00
Sport-Tek Tall Pullover Hooded Sweatshirt TST254 Copy 2,2025-10-10,2025-10-10 13:21 +00:00
Sport-Tek Pullover Hooded Sweatshirt ST254 Copy,2025-10-10,2025-10-10 13:22 +00:00
Sport-Tek Pullover Hooded Sweatshirt ST254 Copy 2,2025-10-10,2025-10-10 13:24 +00:00
Sport-Tek Super Heavyweight Pullover Hooded Sweatshirt F281 Copy,2025-10-10,2025-10-10 13:25 +00:00
Sport-Tek Super Heavyweight Pullover Hooded Sweatshirt F281 Copy 2,2025-10-10,2025-10-10 13:26 +00:00
Sport-Tek Tall Heather Contender Tee TST360 Copy,2025-10-10,2025-10-10 13:27 +00:00
Sport-Tek Tall Heather Contender Tee TST360 Copy 2,2025-10-10,2025-10-10 13:28 +00:00
District Perfect TriTee DM130 Copy 2,2025-10-10,2025-10-10 13:30 +00:00
Richardson Snapback Trucker Cap 112,2025-10-13,2025-10-13 08:01 +00:00
Flexfit V Flexfit Cotton Twill Cap 5001,2025-10-13,2025-10-13 09:28 +00:00
Slim Can Cooler,2025-10-13,2025-10-13 09:36 +00:00
Richardson Snapback Trucker Cap 112 Copy 44,2025-10-15,2025-10-15 14:20 +00:00
Port Company Core Cotton Tee PC54 Copy 37,2025-10-22,2025-10-22 17:33 +00:00
Port Authority C-Free Raglan Fleece F700 Copy 2,2025-10-23,2025-10-23 12:11 +00:00
Port Authority C-Free Raglan Fleece F700 Copy 3,2025-10-23,2025-10-23 12:14 +00:00
Red Kap Short Sleeve Ripstop Crew Shirt SY20 Copy 2,2025-10-29,2025-10-29 17:18 +00:00
Cornerstone Tall Select Snag Proof Tactical Polo TLCS410 Copy,2025-10-29,2025-10-29 17:21 +00:00
Port Company Fleece Lined Knit Cap CP90L Copy 2,2025-10-29,2025-10-29 17:28 +00:00
Richardson Snapback Trucker Cap 112 Copy 45,2025-10-29,2025-10-29 17:32 +00:00
Carhartt Rain Defender Paxton Heavyweight Hooded Sweatshirt CT100615 Copy 5,2025-10-29,2025-10-29 17:34 +00:00
Sport-Tek Lace Up Pullover Hooded Sweatshirt ST271 Copy 3,2025-10-29,2025-10-29 17:35 +00:00
Port Company Essential Tee PC61 Copy,2025-10-29,2025-10-29 17:59 +00:00
Port Company Tall Essential Tee PC61T Copy,2025-10-29,2025-10-29 18:00 +00:00
Port Company Youth Core Blend Tee PC55Y Copy 2,2025-10-29,2025-10-29 18:03 +00:00
Port Company Toddler Core Cotton Tee CAR54T Copy,2025-10-29,2025-10-29 18:05 +00:00
Gildan Softstyle Ladies T-Shirt 64000L,2025-10-30,2025-10-30 12:28 +00:00
Gildan Softstyle Ladies T-Shirt 64000L Copy 4,2025-10-30,2025-10-30 14:59 +00:00
Carhartt Tall Midweight Hooded Sweatshirt CTTK121 Copy 5,2025-10-30,2025-10-30 17:02 +00:00
Port Authority C-Free Raglan Fleece F700,2025-11-07,2025-11-07 09:22 +00:00
Sport-Tek Long Sleeve Micropique Sport-Wick Polo ST657 Copy,2025-11-19,2025-11-19 17:49 +00:00
Sport-Tek Long Sleeve Micropique Sport-Wick Polo ST657 Copy 2,2025-11-19,2025-11-19 17:50 +00:00
Sport-Tek Long Sleeve Micropique Sport-Wick Polo ST657 Copy 3,2025-11-19,2025-11-19 17:52 +00:00
Sport-Tek Micropique Sport-Wick Polo ST650 Copy 3,2025-11-19,2025-11-19 17:56 +00:00
Nike Dri-Fit Corporate 1/2 Zip NKFD9892 Copy 2,2025-11-19,2025-11-19 18:18 +00:00
Port Authority Ladies Concept Long Pocket Cardigan LK5434 Copy 2,2025-11-19,2025-11-19 18:43 +00:00
Port Company Essential Fleece Crewneck Sweatshirt PC90 Copy 7,2025-11-19,2025-11-19 19:03 +00:00
Port Company Youth Core Fleece Full Zip Hooded Sweatshirt PC90YZH Copy 2,2025-11-19,2025-11-19 19:10 +00:00
Port Company Youth Core Fleece Full Zip Hooded Sweatshirt PC90YZH Copy 3,2025-11-19,2025-11-19 19:11 +00:00
Port Company Youth Core Fleece Pullover Hooded Sweatshirt PC90YH Copy 2,2025-11-19,2025-11-19 19:12 +00:00
Port Company Core Blend Tee PC55 Copy 24,2025-11-19,2025-11-19 19:17 +00:00
Port Company Youth Core Blend Tee PC55Y Copy 3,2025-11-19,2025-11-19 19:18 +00:00
Port Company Youth Core Blend Tee PC55Y Copy 4,2025-11-19,2025-11-19 19:19 +00:00
Nike Dri-Fit Corporate 1/2 Zip NKFD9892,2025-11-20,2025-11-20 04:59 +00:00
Port Company Youth Core Fleece Pullover Hooded Sweatshirt PC90YH Copy 3,2025-11-20,2025-11-20 12:58 +00:00
Port Authority Cozy Cuffed Beanie C977 Copy 2,2025-11-20,2025-11-20 13:02 +00:00
Port Authority Cozy Cuffed Beanie C977 Copy 3,2025-11-20,2025-11-20 13:03 +00:00
Port Authority Watch Cap C908 Copy 2,2025-11-20,2025-11-20 13:04 +00:00
Port Authority Watch Cap C908 Copy 3,2025-11-20,2025-11-20 13:05 +00:00
Gildan Ultra Cotton 100 US Cotton Tank Top 2200 Copy 2,2025-11-20,2025-11-20 19:35 +00:00
Gildan Ultra Cotton 100 US Cotton Tank Top 2200 Copy 3,2025-11-20,2025-11-20 19:37 +00:00
Next Level Apparel Womens Festival Muscle Tank NL5013 Copy,2025-11-20,2025-11-20 20:05 +00:00
Next Level Apparel Womens Festival Muscle Tank NL5013 Copy 2,2025-11-20,2025-11-20 20:15 +00:00
Port Authority Snapback Trucker Cap C402,2025-11-24,2025-11-24 07:20 +00:00
Gildan Softstyle Womens CVC Racerback Tank 64220LCVC,2025-11-24,2025-11-24 07:50 +00:00
Gildan Softstyle Pullover Hooded Sweatshirt SF500,2025-11-24,2025-11-24 09:31 +00:00
Gildan Softstyle CVC Tee 64000CVC,2025-11-24,2025-11-24 10:47 +00:00
Gildan Softstyle CVC Long Sleeve Tee 64440CVC,2025-11-24,2025-11-24 11:11 +00:00
Bella Canvas Womens Racerback Cropped Tank BC6682,2025-11-24,2025-11-24 11:21 +00:00
Gildan Youth Softstyle CVC Tee 64000BCVC,2025-11-24,2025-11-24 12:01 +00:00
Gildan Youth Softstyle Midweight Fleece Hoodie SF500B,2025-11-24,2025-11-24 12:45 +00:00
Port Authority Snapback Trucker Cap C402 Copy,2025-11-24,2025-11-24 13:08 +00:00
Port Authority Snapback Trucker Cap C402 Copy 2,2025-11-24,2025-11-24 13:09 +00:00
Port Authority Snapback Trucker Cap C402 Copy 3,2025-11-24,2025-11-24 13:10 +00:00
Port Authority Snapback Trucker Cap C402 Copy 4,2025-11-24,2025-11-24 13:12 +00:00
Gildan Softstyle CVC Long Sleeve Tee 64440CVC Copy 2,2025-11-24,2025-11-24 15:06 +00:00
Gildan Softstyle CVC Long Sleeve Tee 64440CVC Copy 3,2025-11-24,2025-11-24 15:08 +00:00
Gildan Youth Softstyle CVC Tee 64000BCVC Copy,2025-11-24,2025-11-24 15:53 +00:00
Gildan Youth Softstyle Midweight Fleece Hoodie SF500B Copy,2025-11-24,2025-11-24 16:25 +00:00
Gildan Youth Softstyle Midweight Fleece Hoodie SF500B Copy 3,2025-11-24,2025-11-24 16:27 +00:00
Port Company Essential Fleece Pullover Hooded Sweatshirt PC90H Copy 6,2025-12-01,2025-12-01 00:47 +00:00
Port Company Essential Fleece Crewneck Sweatshirt PC90 Copy 6,2025-12-01,2025-12-01 00:47 +00:00
Port Company Essential Fleece Pullover Hooded Sweatshirt PC90H Copy 8,2025-12-03,2025-12-03 18:40 +00:00
Port Company Core Cotton Tee PC54,2025-12-08,2025-12-08 11:31 +00:00
Port Company Youth Core Fleece Pullover Hooded Sweatshirt PC90YH Copy,2026-01-07,2026-01-07 22:02 +00:00
Port Authority Ladies Concept Stretch Button Front Cardigan LM1008 Copy,2026-01-14,2026-01-14 14:25 +00:00
Port Authority Ladies Concept Stretch Button Front Cardigan LM1008 Copy 3,2026-01-14,2026-01-14 14:25 +00:00
Port Company Essential Fleece Full Zip Hooded Sweatshirt PC90ZH Copy 7,2026-01-14,2026-01-14 14:25 +00:00
Sport-Tek Micropique Sport-Wick Polo ST650 Copy,2026-01-26,2026-01-26 18:10 +00:00
Richardson 7 Panel Trucker 168,2026-02-03,2026-02-03 10:49 +00:00
Richardson Laser Perf R-Flex Snapback 632,2026-02-03,2026-02-03 11:39 +00:00
Port Authority Womens C-Free Raglan Fleece L700 Copy 2,2026-02-04,2026-02-04 16:48 +00:00
Port Authority Womens C-Free Raglan Fleece L700 Copy 3,2026-02-04,2026-02-04 16:48 +00:00
Port Authority Ladies Sweater Fleece Vest L236 Copy,2026-02-04,2026-02-04 16:48 +00:00
Port Authority Ladies Sweater Fleece Vest L236 Copy 2,2026-02-04,2026-02-04 16:48 +00:00
Port Authority Ladies Silk Touch Long Sleeve Polo L500LS Copy,2026-02-05,2026-02-05 12:47 +00:00
Port Authority Ladies Silk Touch Long Sleeve Polo L500LS Copy 2,2026-02-05,2026-02-05 12:48 +00:00
Gildan Softstyle Womens CVC Racerback Tank 64220LCVC Copy 3,2026-02-20,2026-02-20 15:50 +00:00
Port Authority Wearever Performance Pique Polo K240 Copy 3,2026-02-23,2026-02-23 15:24 +00:00
Port Authority C-Free Raglan Fleece F700 Copy,2026-02-23,2026-02-23 15:24 +00:00
Port Company Core Blend Tee PC55 Copy 25,2026-02-24,2026-02-24 17:16 +00:00
Gildan DryBlend Pullover Hooded Sweatshirt 12500 Copy 2,2026-03-03,2026-03-03 18:37 +00:00
Port Company Essential Fleece Pullover Hooded Sweatshirt PC90H Copy 10,2026-03-10,2026-03-10 13:10 +00:00
Port Company Tall Essential Fleece Pullover Hooded Sweatshirt PC90HT Copy,2026-03-10,2026-03-10 13:12 +00:00
Port Company Essential Fleece Full Zip Hooded Sweatshirt PC90ZH Copy 8,2026-03-10,2026-03-10 13:13 +00:00
Port Company Tall Essential Fleece Full Zip Hooded Sweatshirt PC90ZHT Copy,2026-03-10,2026-03-10 13:14 +00:00
Port Authority Eclipse Stretch Polo K587 Copy 2,2026-03-10,2026-03-10 13:16 +00:00
Port Company Fan Favorite Tee PC450 Copy,2026-03-10,2026-03-10 13:18 +00:00
Port Company Long Sleeve Core Blend Tee PC55LS Copy 9,2026-03-10,2026-03-10 13:19 +00:00
Port Company Ladies Fan Favorite Tee LPC450 Copy,2026-03-10,2026-03-10 13:21 +00:00
Port Company Ladies Long Sleeve Core Cotton Tee LPC54LS Copy,2026-03-10,2026-03-10 13:22 +00:00
Port Company Ladies Core Cotton Tank Top LPC54TT Copy 5,2026-03-10,2026-03-10 13:23 +00:00
Port Authority Snapback Trucker Cap C402 Copy 5,2026-03-10,2026-03-10 13:31 +00:00
Port Authority Snapback Trucker Cap C402 Copy 6,2026-03-10,2026-03-10 13:33 +00:00
Port Company Essential Fleece Pullover Hooded Sweatshirt PC90H Copy 11,2026-03-10,2026-03-10 13:40 +00:00
Port Company Tall Essential Fleece Pullover Hooded Sweatshirt PC90HT Copy 2,2026-03-10,2026-03-10 13:42 +00:00
Port Company Essential Fleece Full Zip Hooded Sweatshirt PC90ZH Copy 9,2026-03-10,2026-03-10 13:43 +00:00
Port Company Tall Essential Fleece Full Zip Hooded Sweatshirt PC90ZHT Copy 2,2026-03-10,2026-03-10 13:44 +00:00
Port Authority Eclipse Stretch Polo K587 Copy 3,2026-03-10,2026-03-10 13:46 +00:00
Port Company Ladies Fan Favorite Tee LPC450 Copy 3,2026-03-10,2026-03-10 13:47 +00:00
Port Company Ladies Long Sleeve Core Cotton Tee LPC54LS Copy 3,2026-03-10,2026-03-10 13:49 +00:00
Port Company Ladies Core Cotton Tank Top LPC54TT Copy 9,2026-03-10,2026-03-10 13:50 +00:00
Port Authority Heather Microfleece Full Zip Jacket F235 Copy 2,2026-03-11,2026-03-11 15:48 +00:00
Port Authority Value Fleece Vest F219 Copy 4,2026-03-11,2026-03-11 15:50 +00:00
ANSI Class 3 Hiviz Softshell Jacket MAX622 Copy 3,2026-03-11,2026-03-11 15:52 +00:00
IND5000P Legend Mens Premium 450GM Heavyweight Cross Grain Hoodie Copy 2,2026-03-11,2026-03-11 15:56 +00:00
Heavyweight Hooded Sweatshirt IND4000 Copy 3,2026-03-11,2026-03-11 16:04 +00:00
Port Authority Flexfit 110 Performance Snapback Cap C301 Copy 4,2026-03-11,2026-03-11 16:08 +00:00
Port Authority Snapback Trucker Cap C402 Copy 7,2026-03-12,2026-03-12 14:32 +00:00
Port Authority Snapback Trucker Cap C402 Copy 8,2026-03-12,2026-03-12 14:34 +00:00
Port Authority Snapback Trucker Cap C402 Copy 9,2026-03-12,2026-03-12 14:35 +00:00
Gildan Softstyle Womens CVC Racerback Tank 64220LCVC Copy 2,2026-03-21,2026-03-21 20:02 +00:00
Gildan Softstyle CVC Tee 64000CVC Copy 2,2026-03-25,2026-03-25 20:39 +00:00
Gildan Softstyle Midweight Hooded Sweatshirt SF500 Copy 4,2026-03-26,2026-03-26 22:23 +00:00
Bella Canvas Womens Racerback Cropped Tank BC6682 Copy,2026-03-26,2026-03-26 22:23 +00:00
Port Company Essential Fleece Pullover Hooded Sweatshirt PC90H Copy 9,2026-03-30,2026-03-30 01:25 +00:00
Sport-Tek Micropique Sport-Wick Polo ST650 Copy 2,2026-03-30,2026-03-30 01:25 +00:00
Port Company Core Blend Tee PC55 Copy 23,2026-03-30,2026-03-30 01:25 +00:00
Gildan Softstyle Womens CVC Racerback Tank 64220LCVC Copy,2026-03-31,2026-03-31 01:04 +00:00
Bella Canvas Womens Racerback Cropped Tank BC6682 Copy 2,2026-03-31,2026-03-31 01:04 +00:00
Gildan Youth Softstyle CVC Tee 64000BCVC Copy 2,2026-03-31,2026-03-31 23:15 +00:00
Gildan Youth Softstyle Midweight Fleece Hoodie SF500B Copy 2,2026-03-31,2026-03-31 23:15 +00:00
Sport-Tek Tall Sport-Wick Stretch 1/4 Zip Pullover TST850 Copy,2026-04-09,2026-04-09 18:47 +00:00
Sport-Tek Tall Sport-Wick Stretch 1/4 Zip Pullover TST850 Copy 2,2026-04-09,2026-04-09 18:49 +00:00
Port Authority Ladies Core Soft Shell Vest L325 Copy,2026-04-09,2026-04-09 18:52 +00:00
Port Authority Ladies Core Soft Shell Vest L325 Copy 5,2026-04-09,2026-04-09 18:56 +00:00
Port Authority Ladies Core Soft Shell Vest L325 Copy 2,2026-04-09,2026-04-09 19:00 +00:00
Port Authority Ladies Core Soft Shell Vest L325 Copy 3,2026-04-09,2026-04-09 19:01 +00:00
Port Authority Ladies Core Soft Shell Vest L325 Copy 4,2026-04-09,2026-04-09 19:02 +00:00
Mercer Mettle Womens Soft Spacer 1/4 Zip MM3101,2026-04-10,2026-04-10 05:02 +00:00
Mercer Mettle Womens Soft Spacer 1/4 Zip MM3101 Copy,2026-04-10,2026-04-10 12:03 +00:00
Mercer Mettle Womens Soft Spacer 1/4 Zip MM3101 Copy 2,2026-04-10,2026-04-10 12:05 +00:00
Mercer Mettle Womens Soft Spacer 1/4 Zip MM3101 Copy 3,2026-04-10,2026-04-10 12:06 +00:00
Gildan DryBlend 50 Cotton 50 Poly T-Shirt 8000 Copy,2026-04-14,2026-04-14 20:26 +00:00
Next Level Apparel Womens Festival Muscle Tank NL5013 Copy 3,2026-04-16,2026-04-16 02:54 +00:00
Bella Canvas Womens Racerback Cropped Tank BC6682 Copy 3,2026-04-16,2026-04-16 21:19 +00:00
Port Authority Wearever Performance Pique Polo K240 Copy,2026-04-17,2026-04-17 09:28 +00:00
Port Authority Wearever Performance Pique Polo K240 Copy 2,2026-04-17,2026-04-17 09:28 +00:00
Port Company Essential Fleece Full Zip Hooded Sweatshirt PC90ZH Copy 6,2026-04-17,2026-04-17 09:28 +00:00
Sport-Tek Tall Sport-Wick Stretch 1/4 Zip Pullover TST850 Copy 3,2026-04-17,2026-04-17 09:28 +00:00
Gildan Softstyle Midweight Hooded Sweatshirt SF500 Copy 6,2026-04-17,2026-04-17 11:37 +00:00
Gildan Softstyle CVC Tee 64000CVC Copy,2026-04-17,2026-04-17 17:41 +00:00
Gildan Softstyle CVC Tee 64000CVC Copy 3,2026-04-17,2026-04-17 17:41 +00:00
Gildan Softstyle CVC Tee 64000CVC Copy 4,2026-04-17,2026-04-17 17:41 +00:00
Richardson Laser Perf R-Flex Snapback 632 Copy,2026-04-17,2026-04-17 17:41 +00:00
Gildan Softstyle CVC Long Sleeve Tee 64440CVC Copy,2026-04-17,2026-04-17 17:41 +00:00
Gildan Softstyle Midweight Hooded Sweatshirt SF500 Copy 5,2026-04-17,2026-04-17 17:41 +00:00
Gildan Ultra Cotton 100 US Cotton Tank Top 2200 Copy,2026-04-17,2026-04-17 17:41 +00:00
District Perfect WeightTee DT104 Copy,2026-04-23,2026-04-23 15:48 +00:00
District Perfect WeightTee DT104 Copy 2,2026-04-23,2026-04-23 15:51 +00:00
District Perfect WeightTee DT104 Copy 3,2026-04-23,2026-04-23 15:57 +00:00
Sport-Tek Tech Fleece Hooded Sweatshirt ST250 Copy,2026-04-23,2026-04-23 16:12 +00:00
Sport-Tek Tech Fleece Hooded Sweatshirt ST250 Copy 2,2026-04-23,2026-04-23 16:14 +00:00
District V.I.T. Heavyweight Fleece Hoodie DT6600 Copy,2026-04-23,2026-04-23 16:16 +00:00
District Womens Perfect Tri Tee DM130L Copy 4,2026-04-23,2026-04-23 16:21 +00:00
District Womens The Concert Tee V-Neck DT5002 Copy,2026-04-23,2026-04-23 16:24 +00:00
District Womens Perfect Tri Tee DM130L Copy 5,2026-04-23,2026-04-23 16:55 +00:00
Port Authority Snapback Trucker Cap C402 Copy 10,2026-04-23,2026-04-23 16:59 +00:00
Richardson Snapback Trucker Cap 112 Copy 51,2026-04-23,2026-04-23 17:02 +00:00
Port Authority Snapback Trucker Cap C402 Copy 11,2026-04-23,2026-04-23 17:03 +00:00
Richardson Snapback Trucker Cap 112 Copy 52,2026-04-23,2026-04-23 17:05 +00:00
Carhartt Rain Defender Paxton Heavyweight Hooded Sweatshirt CT100615 Copy 6,2026-04-23,2026-04-23 17:09 +00:00
Carhartt Washed Duck Active Jac CT104050 Copy,2026-04-23,2026-04-23 17:10 +00:00
CTK288 Carhartt Midweight Hooded Logo Sweatshirt Copy 7,2026-04-23,2026-04-23 17:11 +00:00
Port Co Performance Sleeveless Tee PC380SL,2026-04-24,2026-04-24 05:24 +00:00
District Perfect Blend CVC Long Sleeve Tee DT109,2026-04-24,2026-04-24 06:21 +00:00
District V.I.T. Muscle Tank DT6300,2026-04-24,2026-04-24 06:26 +00:00
District Perfect WeightTee DT104 Copy 4,2026-04-24,2026-04-24 16:31 +00:00
District Perfect WeightTee DT104 Copy 5,2026-04-24,2026-04-24 16:33 +00:00
District Very Important Tee with Pocket DT6000P Copy,2026-04-24,2026-04-24 16:37 +00:00
District Very Important Tee with Pocket DT6000P Copy 2,2026-04-24,2026-04-24 16:38 +00:00
Port Co Performance Sleeveless Tee PC380SL Copy,2026-04-24,2026-04-24 16:41 +00:00
Port Co Performance Sleeveless Tee PC380SL Copy 2,2026-04-24,2026-04-24 16:42 +00:00
District V.I.T. Muscle Tank DT6300 Copy 4,2026-04-24,2026-04-24 16:45 +00:00
District V.I.T. Muscle Tank DT6300 Copy 5,2026-04-24,2026-04-24 16:46 +00:00
District Perfect Blend CVC Long Sleeve Tee DT109 Copy,2026-04-24,2026-04-24 16:49 +00:00
District Perfect Blend CVC Long Sleeve Tee DT109 Copy 2,2026-04-24,2026-04-24 16:50 +00:00
Sport-Tek Tech Fleece Hooded Sweatshirt ST250 Copy 3,2026-04-24,2026-04-24 16:52 +00:00
Sport-Tek Tech Fleece Hooded Sweatshirt ST250 Copy 4,2026-04-24,2026-04-24 16:54 +00:00
District V.I.T. Heavyweight Fleece Hoodie DT6600 Copy 2,2026-04-24,2026-04-24 16:56 +00:00
Carhartt Workwear Pocket Short Sleeve T-Shirt CTKS7 Copy,2026-04-27,2026-04-27 20:13 +00:00
District Womens The Concert Tee V-Neck DT5002 Copy 2,2026-04-27,2026-04-27 21:04 +00:00
Port CompanyKnit Cap CP90 Copy 5,2026-05-01,2026-05-01 12:49 +00:00
OGIO Limit Polo OG138 Copy 19,2026-05-01,2026-05-01 12:57 +00:00
Port Authority Superpro Twill Shirt S663 Copy,2026-05-01,2026-05-01 13:00 +00:00
Port CompanyKnit Cap CP90 Copy 6,2026-05-01,2026-05-01 13:27 +00:00
Port Authority Superpro Twill Shirt S663 Copy 2,2026-05-04,2026-05-04 12:05 +00:00
Nike Dri-Fit Corporate 1/2 Zip NKFD9892 Copy 3,2026-05-12,2026-05-12 19:13 +00:00
Richardson Snapback Trucker Cap 112 Copy 49,2026-05-20,2026-05-20 17:05 +00:00
Richardson Snapback Trucker Cap 112 Copy 50,2026-05-20,2026-05-20 17:05 +00:00
OGIO Limit Polo OG138 Copy 16,2026-05-20,2026-05-20 17:06 +00:00
OGIO Limit Polo OG138 Copy 17,2026-05-20,2026-05-20 17:06 +00:00
Champion Reverse Weave Hooded Sweatshirt S101 Copy,2026-05-20,2026-05-20 17:06 +00:00
Jerzees Super Sweats Nublend Crewneck Sweatshirt 4662M Copy,2026-05-20,2026-05-20 17:06 +00:00
Port Company Essential Tee PC61 Copy 2,2026-05-20,2026-05-20 17:06 +00:00
Port Authority Dry Zone UV Micro Mesh Polo K110 Copy 3,2026-05-27,2026-05-27 16:46 +00:00
Port Authority Tall Dry Zone UV Micro Mesh Polo TLK110,2026-06-05,2026-06-05 04:34 +00:00
Port Company Core Cotton Tee PC54 Copy 27,2026-06-05,2026-06-05 17:22 +00:00
Port Company Core Fleece Crewneck Sweatshirt PC78 Copy 3,2026-06-05,2026-06-05 17:43 +00:00
Port Authority Tall Dry Zone UV Micro Mesh Polo TLK110 Copy,2026-06-08,2026-06-08 13:21 +00:00
Port Authority Ladies Concept Stretch Button Front Cardigan LM1008 Copy 2,2026-06-24,2026-06-24 03:31 +00:00
Sport-Tek Micropique Sport-Wick Polo ST650 Copy 4,2026-07-22,2026-07-22 12:21 +00:00
Sport-Tek Micropique Sport-Wick Polo ST650 Copy 5,2026-07-22,2026-07-22 12:23 +00:00
Port Company Core Blend Tee PC55 Copy 26,2026-07-27,2026-07-27 11:56 +00:00
Red Kap Short Sleeve Ripstop Crew Shirt SY20 Copy 3,2026-07-27,2026-07-27 15:00 +00:00
OGIO Limit Polo OG138 Copy 20,2026-07-27,2026-07-27 15:01 +00:00
OGIO Ladies Limit Polo LOG138 Copy 7,2026-07-27,2026-07-27 15:02 +00:00
Jerzees Nublend 1/4 Zip Cadet Collar Sweatshirt 995M Copy,2026-07-27,2026-07-27 15:04 +00:00
Red Kap Long Sleeve Industrial Work Shirt SP14 Copy,2026-07-27,2026-07-27 15:08 +00:00
Port Authority Snapback Trucker Cap C402 Copy 12,2026-07-27,2026-07-27 15:09 +00:00
Port CompanyKnit Cap CP90 Copy 7,2026-07-27,2026-07-27 15:11 +00:00
Gildan Softstyle T-Shirt 64000 Copy 16,2026-07-27,2026-07-27 15:13 +00:00
Port Authority Womens Wearever Performance Pique Polo LK240 Copy,2026-08-12,2026-08-12 17:11 +00:00
Port Authority Womens Wearever Performance Pique Polo LK240 Copy 2,2026-08-12,2026-08-12 17:11 +00:00
Port Authority Womens Wearever Performance Pique Polo LK240 Copy 3,2026-08-12,2026-08-12 17:11 +00:00
District Perfect Tri Long Sleeve Tee DM132 Copy,2026-08-21,2026-08-21 23:52 +00:00
District Perfect TriTee DM130 Copy 5,2026-08-25,2026-08-25 12:14 +00:00
