Product Category,Date,Last Modified
Sweatshirts Fleece 1/2 1/4 Zip,2026-07-27,2026-07-27 15:04 +00:00
T-Shirts 100% Cotton,2026-07-27,2026-07-27 15:13 +00:00
Outerwear 3 in 1,2025-10-01,2025-10-01 09:41 +00:00
T-Shirts 5.5 6 100% Cotton,2026-03-10,2026-03-10 13:50 +00:00
T-Shirts 50/50 Blend,2026-04-24,2026-04-24 16:38 +00:00
T-Shirts 6.6 1 100% Cotton,2026-05-20,2026-05-20 17:06 +00:00
Ladies Activewear,2026-03-31,2026-03-31 01:04 +00:00
Workwear Aprons,2025-10-01,2025-10-01 09:41 +00:00
Activewear Athletic Warm-ups,2026-04-17,2026-04-17 09:28 +00:00
Outerwear Athletic Warm-ups,2025-10-01,2025-10-01 09:42 +00:00
Bags Backpacks,2025-10-01,2025-10-01 09:42 +00:00
Polos Knits Basic Knits,2025-10-01,2025-10-01 09:42 +00:00
Activewear Basketball,2025-10-01,2025-10-01 09:41 +00:00
Accessories Blankets,2025-10-01,2025-10-01 09:41 +00:00
Ladies Bottoms,2025-10-01,2025-10-01 09:42 +00:00
Bags Briefcases Messengers,2025-10-01,2025-10-01 09:42 +00:00
Caps Camouflage,2025-10-01,2025-10-01 09:41 +00:00
Outerwear Camouflage,2025-10-01,2025-10-01 09:41 +00:00
Caps Canvas,2025-10-01,2025-10-01 09:40 +00:00
Youth Caps,2025-10-09,2025-10-09 18:14 +00:00
Juniors Young Men Caps,2026-05-20,2026-05-20 17:05 +00:00
Bags Coolers Lunch Bags,2025-10-01,2025-10-01 09:42 +00:00
Outerwear Corporate Jackets,2025-10-01,2025-10-01 09:41 +00:00
Polos Knits Cotton,2025-10-01,2025-10-01 09:42 +00:00
Woven Shirts Cotton Poly Blend,2026-07-27,2026-07-27 15:08 +00:00
Sweatshirts Fleece Crewnecks,2026-06-05,2026-06-05 17:43 +00:00
Polos Knits Easy Care,2026-05-27,2026-05-27 16:46 +00:00
Woven Shirts Easy Care,2026-05-04,2026-05-04 12:05 +00:00
Caps Fashion,2025-10-29,2025-10-29 17:28 +00:00
T-Shirts Fashion,2026-08-25,2026-08-25 12:14 +00:00
Ladies Fashion,2026-06-24,2026-06-24 03:31 +00:00
Polos Knits Fashion,2026-06-24,2026-06-24 03:31 +00:00
Caps Fitted,2025-10-01,2025-10-01 09:39 +00:00
Sweatshirts Fleece Fleece,2026-05-20,2026-05-20 17:06 +00:00
Caps Fleece Beanies,2026-07-27,2026-07-27 15:11 +00:00
Caps Flexfit,2026-03-11,2026-03-11 16:08 +00:00
Caps Full Brim,2025-10-01,2025-10-01 09:40 +00:00
Sweatshirts Fleece Full Zip,2026-02-23,2026-02-23 15:24 +00:00
Sweatshirts Fleece Full Zip,2026-04-17,2026-04-17 09:28 +00:00
Outerwear Golf Outerwear,2025-10-01,2025-10-01 09:42 +00:00
Headwear,2025-10-01,2025-10-01 09:38 +00:00
Sweatshirts Fleece Heavyweight,2026-05-20,2026-05-20 17:06 +00:00
Sweatshirts Fleece Hoodie,2026-04-23,2026-04-23 17:11 +00:00
Sweatshirts Fleece Hoodie,2026-05-20,2026-05-20 17:06 +00:00
Workwear Industrial Work Shirts,2026-07-27,2026-07-27 15:08 +00:00
Youth Infant Toddler,2025-10-29,2025-10-29 18:05 +00:00
Outerwear Insulated Jackets,2025-10-01,2025-10-01 09:41 +00:00
Juniors Young Men,2026-05-20,2026-05-20 17:05 +00:00
Ladies,2026-07-27,2026-07-27 15:02 +00:00
Polos Knits Ladies,2026-08-12,2026-08-12 17:11 +00:00
Outerwear Ladies,2025-10-01,2025-10-01 09:42 +00:00
Woven Shirts Ladies,2025-10-01,2025-10-01 09:41 +00:00
Activewear Ladies,2025-10-01,2025-10-01 09:42 +00:00
T-Shirts Ladies,2026-04-27,2026-04-27 21:04 +00:00
Sweatshirts Fleece Ladies,2026-04-10,2026-04-10 12:06 +00:00
T-Shirts Long Sleeve,2026-08-21,2026-08-21 23:52 +00:00
Workwear Medical Scrubs,2025-10-01,2025-10-01 09:40 +00:00
Personal Protection Medical Scrubs,2025-10-01,2025-10-01 09:39 +00:00
Caps Mesh Back,2026-07-27,2026-07-27 15:09 +00:00
Accessories Other,2025-10-01,2025-10-01 09:41 +00:00
Ladies Outerwear,2026-04-09,2026-04-09 19:02 +00:00
Woven Shirts Oxfords,2026-05-04,2026-05-04 12:05 +00:00
Activewear Pants Shorts,2025-10-01,2025-10-01 09:41 +00:00
Outerwear Parkas Shells Systems,2025-10-01,2025-10-01 09:41 +00:00
Polos Knits Performance,2026-07-27,2026-07-27 15:02 +00:00
Sweatshirts Fleece Performance,2026-04-24,2026-04-24 16:54 +00:00
T-Shirts Performance,2026-04-24,2026-04-24 16:42 +00:00
Activewear Performance,2025-10-10,2025-10-10 13:28 +00:00
Caps Performance Athletic,2026-03-11,2026-03-11 16:08 +00:00
Personal Protection,2025-10-01,2025-10-01 09:41 +00:00
Caps Pigment Garment Dyed,2025-10-01,2025-10-01 09:42 +00:00
Workwear Polos,2025-10-29,2025-10-29 17:21 +00:00
Ladies Polos Knits,2026-07-27,2026-07-27 15:02 +00:00
Tall Polos Knits,2025-10-29,2025-10-29 17:21 +00:00
Outerwear Polyester Fleece,2026-03-11,2026-03-11 15:50 +00:00
Outerwear Rainwear,2025-10-01,2025-10-01 09:41 +00:00
T-Shirts Ring Spun,2026-08-25,2026-08-25 12:14 +00:00
Workwear Safety,2025-10-01,2025-10-01 09:38 +00:00
Workwear Safety,2025-10-01,2025-10-01 09:42 +00:00
Caps Safety,2025-10-01,2025-10-01 09:41 +00:00
Personal Protection Safety,2025-10-01,2025-10-01 09:41 +00:00
Polos Knits Silk Touch,2026-02-05,2026-02-05 12:48 +00:00
Outerwear Soft Shells,2026-04-09,2026-04-09 19:02 +00:00
T-Shirts Specialty,2026-04-27,2026-04-27 21:04 +00:00
Bags Specialty Bags,2025-10-01,2025-10-01 09:42 +00:00
Workwear Stain Soil Resistant,2026-07-27,2026-07-27 15:08 +00:00
Caps Stretch to Fit,2025-10-09,2025-10-09 18:33 +00:00
Polos Knits Sweaters,2026-06-24,2026-06-24 03:31 +00:00
Sweatshirts Fleece Sweatpants,2025-10-01,2025-10-01 09:42 +00:00
Youth Sweatshirts Fleece,2026-03-31,2026-03-31 23:15 +00:00
Ladies Sweatshirts Fleece,2026-02-04,2026-02-04 16:48 +00:00
Tall Sweatshirts Fleece,2026-04-17,2026-04-17 09:28 +00:00
T-Shirts,2026-08-25,2026-08-25 12:14 +00:00
Ladies T-Shirts,2026-04-27,2026-04-27 21:04 +00:00
Youth T-Shirts,2026-03-31,2026-03-31 23:15 +00:00
Tall T-Shirts,2025-10-29,2025-10-29 18:00 +00:00
Workwear T-Shirts,2026-04-27,2026-04-27 20:13 +00:00
Tall,2026-04-17,2026-04-17 09:28 +00:00
Polos Knits Tall,2026-06-08,2026-06-08 13:21 +00:00
T-Shirts Tall,2025-10-29,2025-10-29 18:00 +00:00
Sweatshirts Fleece Tall,2026-04-17,2026-04-17 09:28 +00:00
T-Shirts Tanks,2026-04-24,2026-04-24 16:42 +00:00
T-Shirts Tanks,2026-04-24,2026-04-24 16:46 +00:00
Activewear Tanks,2026-04-17,2026-04-17 17:41 +00:00
Infant Toddler Tops Bottoms,2025-10-29,2025-10-29 18:05 +00:00
Bags Travel Bags,2025-10-01,2025-10-01 09:42 +00:00
Caps Twill,2025-10-13,2025-10-13 09:28 +00:00
Workwear Work Jackets,2025-10-01,2025-10-01 09:42 +00:00
Outerwear Work Jackets,2026-04-23,2026-04-23 17:10 +00:00
Polos Knits Workwear,2025-10-29,2025-10-29 17:21 +00:00
Woven Shirts Workwear,2026-07-27,2026-07-27 15:08 +00:00
T-Shirts Workwear,2025-10-01,2025-10-01 09:42 +00:00
Woven Shirts,2026-07-27,2026-07-27 15:08 +00:00
Ladies Woven Shirts,2025-10-01,2025-10-01 09:41 +00:00
T-Shirts Youth,2026-04-24,2026-04-24 16:42 +00:00
Sweatshirts Fleece Youth,2026-03-31,2026-03-31 23:15 +00:00
Caps Youth,2025-10-09,2025-10-09 18:14 +00:00
Accessories,2025-10-13,2025-10-13 09:36 +00:00
Activewear,2026-04-17,2026-04-17 17:41 +00:00
Bags,2025-10-01,2025-10-01 09:42 +00:00
Caps,2026-07-27,2026-07-27 15:11 +00:00
Casual T-Shirts,2026-05-20,2026-05-20 17:06 +00:00
Ladies Womens,2026-08-12,2026-08-12 17:11 +00:00
Outerwear,2026-04-23,2026-04-23 17:10 +00:00
Polos Knits,2026-08-12,2026-08-12 17:11 +00:00
Sweatshirts Fleece,2026-07-27,2026-07-27 15:04 +00:00
Workwear,2026-07-27,2026-07-27 15:08 +00:00
Woven Dress Shirts,2025-10-01,2025-10-01 09:38 +00:00
Youth,2026-03-31,2026-03-31 23:15 +00:00
