Company Name,Date
Alchemy Spring 2026 Store,2026-06-05
Alchemy Sound and Vision,2026-06-05
Amvan Employee Store,2026-06-05
Store Test,2026-06-05
C E G C,2026-06-05
City of North Mankato Shirt Order,2026-06-05
Contents Store,2026-06-05
Danbarnettstore,2026-06-05
Delta Phi Omega Gac,2026-06-05
DSA Car Sales,2026-06-05
EAA 1658,2026-06-05
Mankato East Football As One 2026,2026-06-05
Flex Fitness,2026-06-05
Gigli Merch,2026-06-05
Gigli Bartender Shirts,2026-06-05
Goodrich Construction24,2026-06-05
Gray Duck Crossfit Winter,2026-06-05
Heyn Brothers Spring Store 2026,2026-06-05
Heyn Brothers Convenience Store July 2026 Minimum,2026-06-05
Kato Mtb,2026-06-05
Lakes Diesel Fall Store 25,2026-06-05
Lakesdiesel,2026-06-05
Last Man Standing Fall 2024,2026-06-05
Lastmanstanding,2026-06-05
Levelone Eps4444,2026-06-05
Marshall Building Remodeling,2026-06-05
Marshall Build Cals Metals Dec24,2026-06-05
MCA Grrls 2025,2026-06-05
MGM Dec 24 Store,2026-06-05
MGM Mankato Apparel,2026-06-05
MN DNR Parks Trails,2026-06-05
MPLS 81,2026-06-05
Nielsen Employee Store Spring 2026,2026-06-05
Nielsen Blacktopping Safety,2026-06-05
Olympic Fire,2026-06-05
Prairie Cottages Apparel Store,2026-06-05
Little Star Learning Center,2026-06-05
Rice,2026-06-05
Rounders Sports Bar Staff,2026-06-05
Rounders Employee Store 2026,2026-06-05
Roundersstaffstore,2026-06-05
Rucker Lawn Care,2026-06-05
Soho,2026-06-05
Soho Employee Store 2026,2026-06-05
Soho Employee Store,2026-06-05
SRP Fall 2025 Store,2026-06-05
SRP,2026-06-05
St Peter Pickleball Store 25,2026-06-05
Support 81 MLPS,2026-06-05
Tailwind Group,2026-06-05
Techgritteststore2,2026-06-05
Techgrit Testing,2026-06-05
Techgritcustoms,2026-06-05
Test Store 7,2026-06-05
TG Special Moments,2026-06-05
Tgteststore6,2026-06-05
Trek Supply Store,2026-06-05
Trek Supply Spring Summer 2025,2026-06-05
Nielsen Employee Store,2026-06-05
United Surface Preparation,2026-06-05
V Tek Summer 2026 Store,2026-06-05
West Hennepin Police Fall Store,2026-06-05
ZA Pizza,2026-06-05
